Text,Language,Status
คุณนายสว เชื่อเถอะ คุณเอาเวลา ไปใส่ใจชาวอเมริกันดีกว่า สนใจเรื่องเพ้อเจ้อพวกนี้,Thai,Valid
ต้องให้บอกอีกกี่ครั้ง คุณจะมาตามอำเภอใจไม่ได้ ฟังนะ อแมนด้า แทนเนอร์ไม่อยู่แล้ว,Thai,Valid
รู้มั้ย มีเด็กสาวคนนึงที่โรงเรียน อลิซาเบธ เคิร์ซเนอร์ แม่ของเธอกินซูชิเยอะมาก และมีหนอนในนั้น,Thai,Valid
ว่าเธอไม่รู้ว่าเขาคือใคร เธอให้ฉันตีวงให้แคบลง ถึงซิกกี้ มือกลองหรือผู้ชายคนนั้นที่เธอเจอ ที่เมืองออเรนจ์ในบาร์,Thai,Valid
35 40 และอีก 10 เป็น 50 ค่ะ,Thai,Valid
ผมรอ 2 3 วัน แล้วโทรไปถามว่าคุณเป็นยังไง,Thai,Valid
ได้ ผมจะเอาของ ๆ ผมคืน โอเคนะ,Thai,Valid
ถ้า Zoom ใช้เจ้าสิ่งนี้ เป็นสะพานเคลื่อนย้ายคน จาก Earth 2 บางทีความเร็วอาจช่วยได้,Thai,Valid
ลูกวัว เข้าไปในท้องแม่ได้อย่างไร How does the calf get into the mammy s belly,Thai,Valid
ไม่ต้อง เฮ้ ที่รัก เลย ฉันไม่อยากเชื่อเลย ว่าคุณจะให้ฉันนั่งเป็นห่วงอยู่ทั้งคืน,Thai,Valid
บีลานนา ทอร์เรส ผู้มุ่งมั่น และหนุ่มน้อย แฮร์รี่ คิม เร่งนำจานบินเดลต้าออกจาก โวยาจเจอร์เพื่อค้นหาสมบัติ,Thai,Valid
ถ้าฉันรู้จักพวกบ้านี่ และฉันก็เป็นพวกบ้านี่เหมือนกัน พวกเขาแค่อยากพาฉันไป ที่สโมสรโง่ๆ ของพวกเขา แล้วถามคำถามมากมาย ที่ทำให้ฉันเสียเวลา,Thai,Valid
ใช่ เปล่า ไม่รู้ ไม่นะ สงสัยอากาศจะร้อนไป,Thai,Valid
อย่าเล่นแง่ นีล เรารู้ว่าเป็นหนึ่งในชื่อปลอมนาย นายสร้างตัวละครนี้ขึ้น เพื่อฟอกเงินที่หมู่เกาะคานารีตอนปี 2004,Thai,Valid
ประมาณว่า สิ่งที่ชาร์ลี อยากทำน้อยที่สุดคือ แต่งงาน สิ่งที่อยากทำมากที่สุด คือมีลูก,Thai,Valid
ไม่อันนั้น ก็ชีวประวัติเล่มใหม่ ของ สตีเฟน ฮอว์คิง เรารู้ดีว่าเขาคิดยังไงกับฮอว์คิง,Thai,Valid
โอเค ตัวเอง ถ้าผ่านเรื่องนี้ไปได้ ฉันสัญญาจะเป็นกำลังใจให้ขณะที่เธอ เรียนเชื่อมเหล็กหรืออะไรแบบนั้น โอเคนะ,Thai,Valid
มีข่าวจากโคเลทติไหม ไม่ เขาตรวจสอบบัตรเครดิต สายการบิน รถโดยสาร,Thai,Valid
ข้าทรยศศรัทธา ของกษัตริย์ข้า และความไว้วางใจ ของโรเบิร์ต เพื่อนข้า,Thai,Valid
คุณปลด กับตัน เรือ ดำน้ำนิวเคลียร์ และ มี จรวด ไทรเด๊นซ์ 18 ลูกอยู่บนนั้น,Thai,Valid
เสื้อผ้ากับผ้าปู ฉันต้องเอาไปที่ พระเจ้า ไอ้นี่มัน นี่,Thai,Valid
ท่านรักชาติยิ่งกว่าใครที่ผมเห็นมา แล้วทำไม 59 ของคนอเมริกัน เริ่มมีปัญหากับการนำชาติของท่าน,Thai,Valid
น้องสาว ระหว่างผู้ชายและผู้หญิง มีมิตรภาพธรรมดา ๆ หรือเปล่าฉันไม่รู้,Thai,Valid
เรามีเหยื่ออุบัติเหตุเข้ามาเต็มไปหมด โรงแรมไฟไหม้ ผู้ป่วยไฟไหม้ครึ่งโหล คนไข้มีแผลทะลุที่หน้าอก พนักงานดับเพลิงได้รับบาดเจ็บหลายแห่ง,Thai,Valid
ต้องใช้กิซโม่นี่ ซูมเข้าไป ของแบบนี้ใหม่ต่อประเทศเรามาก คุณบันทึกไว้ในดิสก์ได้มั้ย แปลว่าอะไร บันทึก,Thai,Valid
นั่น นั่นอาจจะ ฉันน่าจะ รู้มั๊ย ไปกับเธอ,Thai,Valid
เค ลา ครั้งต่อไป อุสเตท วายา ไป ช่วยทิ้ง อูโน นูเมโร,Thai,Valid
ท่านผู้ทรงเกียรติคะ ฉันเพิ่ง รู้ว่างานที่ได้รับมอบหมาย วางอยู่บนพื้นฐาน ทางเพศของฉัน,Thai,Valid
และกำลังเผชิญช่วงเวลาที่ยากลำบาก แต่ว่า ในฐานะ ผอ โรงเรียนพาร์คเฮิร์สต์ ฉันต้องการคำยืนยัน,Thai,Valid
เราลงทุนเพิ่มอีก 7 หมื่น 5 การเปิดตัวต้องยิ่งใหญ่มาก,Thai,Valid
The Big Bang Theory 6x09 โ ช The Parking Spot Escalation Original Air Date on November 29 2012,Thai,Valid
เราชิงมันคืนมา พร้อมมอร์มอน พร้อมฮอร์นวูด พร้อมไวล์ดิ้ง และพวกเวล,Thai,Valid
ฉันไม่รู้ว่านายจําได้รึเปล่า แต่การเสียบ้านของครอบครัว เพราะไปยืมเงินคอร์แม็ค โอคอนเนอร์ ไม่ใช่นักธุรกิจที่ดี ว่าไหม,Thai,Valid
และทำเครื่องหมายของพวกเขา ด้วยสัญลักษณ์Sterbestunde นายพูดถึงอัณฑะเหรอ ใช่ ฉันพูดถึงอัณฑะ,Thai,Valid
เราจะจัดการมนุษย์หมาป่า กระหายเลือด ตัวโต ดุร้ายนั่น แล้วเราก็จะได้ไปตั้งแคมป์กัน,Thai,Valid
งั้นฉันขอพูดตรงๆ เลยแล้วกัน ผ่านกระบวนการ ที่คุณสามารถทำได้ทุกเวลา และโดยปกติแล้วเราก็จะเป็น เป็นวงกลมจับมือกัน,Thai,Valid
ถ้าอย่างนั้น ทุกครั้งที่เราคุยกับใคร เราต้องโกหก ว่าเราอยู่กับใคร และใครกันแน่ที่เราอยู่ด้วย รู้ไหม เธอเคยพูดกับฉันครั้งหนึ่งว่า,Thai,Valid
ห้าม BPA ผงชูรส BHA BHT,Thai,Valid
มาสิ อลิซ ไปตามหา แครี แอน กัน,Thai,Valid
ฉันเสียใจนะ ฉันรู้ว่า การบินนี่มีความหมายกับนายมาก ฉันจะทำให้เสียเรื่องอีกแล้ว เขาจะให้เจอรี่ แท็งค์กับฉันขึ้นไป,Thai,Valid
ในตัวท่าน พวกเขาเห็นคนที่สามารถชักจูงใจ และมีอำนาจมากพอที่จะทำลาย การค้าที่ยิ่งใหญ่ที่สุดแห่งยุคเรา และความแข็งแกร่งทางการพาณิชย์ของประเทศนี้ลงได้,Thai,Valid
จริง ๆ แล้ว เขาทำได้ คอลล์ไม่ได้ตอบโต้ จนกระทั่งเขาถูกสัมผัส,Thai,Valid
อ้อ ฉันบอกพวกหล่อนว่า พวกนายเขียนภาษาคอมพิวเตอร์ และทันทีทันใด พวกหล่อนก็อุทานฮือฮา,Thai,Valid
แผน X กับ O ตรงนี้เข้าท่าดีแฮะ,Thai,Valid
ผมจะเล่นงานพี่ด้วย ดรอว์โฟร์ ดรอว์ทู อูโน่ อูโน่เอาต์,Thai,Valid
70 ล้านปีก่อน แผ่นดินตรงนี้ ยังเป็นแอ่งลึก และแบนเรียบ เหมือนที่แอ่งดานาคิล,Thai,Valid
คงมีแต่แกเท่านั้นแหละที่ชั่วพอจะทำอย่างนั้น ที่จะคิดว่าการฆ่าผู้หญิงบริสุทธิ์ กับ เด็กที่ยังไม่เกิด จะนำมาซึ่งความสงบสุขแกนาย ก่อนถูกประหารงั้นหรอ,Thai,Valid
เขาจะทำพลาด แล้วก็จะลองใหม่ แล้วก็ทำพลาดอีกครั้ง แล้วก็ทำผิดหมดเลย แต่ก็จะพยายามทำให้ถูกในครั้งหน้า,Thai,Valid
ยินดีต้อนรับกลับ นี่คือทุกอย่างที่เรารู้เพื่อให้ห่างไกล การเกิดแผ่นดินไหวใน Los Angeles,Thai,Valid
ใช่ๆ เอ๊ดดี้ออกไปฉี่นอกรถ แต่ เอ่อ แต่ กูไม่ได้หันหลังไป โอเคนะ,Thai,Valid
ความดันอยู่ในระดับดี ความอิ่มตัว ของออกซิเจนอยู่ที่ 100 เปอร์เซ็นต์,Thai,Valid
พวกเขายินดีที่ D A ปฏิเสธที่จะดำเนินคดี ลูกความของเขาในข้อหาไฟไหม้ หนึ่งในตึกของนิกเกิลที่ผ่านมา,Thai,Valid
หรือหายไปเฉยๆ งั้นเหรอ ไม่เลย ไอ้น้อง มันจะกลับมา,Thai,Valid
ด้วยรถฟอร์ดฟัลคอนสเตชั่นแวกอนปี 1990 lrm ตำรวจเตือนประชาชน lrm,Thai,Valid
เงินก็หายไป 2 อาทิตย์ต่อมา มีคนพูดชื่อฉัน ฉันโดนสงสัย,Thai,Valid
นักสู้ลำดับที่ 6 คาโจมารุ นักสู้ลำดับที่ 6 มาเองเลย,Thai,Valid
จู่ๆ แคร์รี่ก็พูดถึง อาบู นาซีรขึ้นมา สามวันต่อมา สายของเธอ,Thai,Valid
เกรงว่าจะใช่ บร็อค ถ้ากวางเรนเดียร์ลากเลื่อนไม่ได้ ก็ หนูทำได้,Thai,Valid
มันเป็นการแข่งขันรอบชิงชนะเลิศ และเจย์ก็ตอบรับที่จะมาลงแทน นักเล่นโบว์ลิ่งดาวเด่น มอรีซ ที่กำลังพักฟื้น จากอาการป่วยที่ขาหนีบ,Thai,Valid
ในห้องน้ำนาย มีโลชั่นสองชนิด เจลใส่ผม โคโลญจ์ แป้งและครีมทาผิว,Thai,Valid
คุณคิดว่ามันยุติธรรมเหรอ ที่เราทุกคนถูกตัดสิน ให้มาลงเอยในที่แย่ ๆ ที่เดียวกัน,Thai,Valid
ทัทเติลตายเมื่อ 2 ปีก่อน ปี 2010,Thai,Valid
ไม่โทรศัพท์คุณเสียก็เลขาคุณน่ะโง่ เพราะฉันทิ้งข้อความให้คุณ สัก 50 ข้อความแล้ว,Thai,Valid
ผมได้รับวอยซ์เมล์ว่าคุณอยาก เร่งรัดบทเรียนจากขั้น 1 เป็นขั้น 4,Thai,Valid
ยิ่งหาเงินได้เท่าไร ก็ยิ่งได้ของฟรีมากขึ้นเท่านั้น ไม่เข้าท่าเลย ฉันนึกภาพตัวเอง เล่นเจ็ตสกีเร็วๆ นี้ไม่ออก,Thai,Valid
หากสิ่งที่เกิดขึ้นกับฉัน Gerry หรือ หรือนักโทษไอริชอื่น ๆ เราจะมี Halsley 54 ถนน เป่าเพื่อ smithereens,Thai,Valid
นี่เกี่ยวกับครูนั่น 410 00 21 23 360,Thai,Valid
เราได้ดูภาพวีดีโอสุดยอดนี้แล้ว ในขณะที่ยังมีภาพภูเขาไฟอีกมากมาย กระหน่ำเข้ามาอย่างต่อเนื่อง เป็นภาพภูเขาไฟระเบิดในลอสแองเจลิส เพียงไม่กี่ชั่วโมงที่ผ่านมา,Thai,Valid
วันก่อน เขาบอกฉันว่า เดี๋ยวนี้ 70 ก็เหมือนเด็ก 30 แหละ,Thai,Valid
หลังจาก 3 เดือนแล้ว จะมีผู้หญิงชื่อ พาร์ค ซุน จู มาที่ญี่ปุ่น,Thai,Valid
เราน่าจะเดินไปไมล์ครึ่ง หรือสองไมล์ แล้วฉัน ฉันก็ไม่รู้ว่าเราไปไหนกัน แต่พอเราไปลงเอยที่นี่ เพื่อดูนี่เหรอ,Thai,Valid
อีก 400 ปีต่อจากนี้ จะมีชมรมการละครในโรงเรียนมัธยมปลาย จัดละครสุดท้าทายและแสนสนุก ปาร์ตี้คาวโลกีย์ ภาคเจ็ด,Thai,Valid
ดังนั้น ตำนานก็เลยบอกว่า คนงานเหมืองเหล่านั้น ใช้เลือดของพวกเขา เพื่อแลกกับบางอย่าง เห็นภาพหลอนของคนรักที่จากไป ในบ่อน้ำที่พวกเขากำลังขุด,Thai,Valid
เราจะตอบ Demand We ll answer,Thai,Valid
การสั่งสมหนี้ทั้งในภาคเอกชน และหนี้ประชาชาติอย่างมากมาย เข้าทางถนนสาย 49 ไหม,Thai,Valid
ใช่ เราจะใส่เส้นลวดยาวเก้านิ้ว ผ่านกระดูกหน้าแข้งของเธอ แต่เธอจะไม่เป็นไรเพราะ เธอฟังเพลงประกอบหนังเรื่องแฮมิลตัน,Thai,Valid
ช่วงการโหวตครั้งที่แล้ว ผมได้เผยชื่อจริงของอาชญากรไป ซึ่งสร้างปัญหามากมายให้ตำรวจ ให้ตัวผม และทุกคน,Thai,Valid
ถ้ ปี้ ปี้ ถ้ พี ถาขารวบรวมตวามกลาซวนเจาอก ถ้,Thai,Valid
บนแด็กแซม เราแต่งงานกันแบบคลุมถุงชน เขาจะเลือกให้ตั้งแต่เกิด แล้ว เมื่ออายุถึงจุดหนึ่ง เราก็โดนล่ามเข้าด้วยกัน,Thai,Valid
พอสเตฟานฆ่าจูเลียนแล้ว เขาก็ทำร้ายใครไม่ได้อีก แล้วฉันก็จะเก็บเรื่องวุ่น ๆ พวกนี้เอาไว้เบื้องหลัง,Thai,Valid
ใช่ครับ จริงๆ แล้ว ผมจากเกาะเล็กๆ ที่แปซิฟิกใต้,Thai,Valid
เด็กๆ พวกนั้นตั้งใจมาก และพวกเขาสมควรได้คน ที่รู้เรื่องดีและคนที่จะเป็น แรงบันดาลใจให้ได้ ฉะนั้น,Thai,Valid
เดินเร็วๆ ก็ประมาณ 25 นาทีถึง ช่วงสุดสัปดาห์จะมีรถรับส่ง,Thai,Valid
เราพบสมุดบันทึกของ หนึ่งในผู้ช่วยของดาวินชี ซึ่งพูดถึงลามักคินา เดลออโร หรือก็คือเครื่องจักรสร้างทอง ส่วนที่เหลือก็คือการสร้างประวัติศาสตร์,Thai,Valid
สาม สี่ ห้า หก เจ็ด แปด,Thai,Valid
คืองี้ คุณมีเบียร์สองลัง เกรปฟรุตหนึ่งตะกร้า เสื้อยืดกับผ้าขนหนูกองหนึ่ง หลอดไฟ,Thai,Valid
Chris ก็มาวนเวียนอยู่กับฉัน จองตัวฉัน 80 คืนกับการพยายามกลับมาที่เกาะ ลองไอ แลนด์,Thai,Valid
การจะสร้างหนังสตาร์วอร์ส ระดับทุน 20 ล้าน นายต้องมีชื่อของผู้สร้างดังๆ,Thai,Valid
ธง จดหมาย ร้านขายยา พวกเขาแต่งมันขึ้นแล้ว คุยกันเองเหรอ,Thai,Valid
ผมไม่ชอบกดดันคุณ ในวันทำงานวันสุดท้ายเลย เอ็ด แต่ผมไม่แน่ใจว่าอยากทิ้งเรื่องนี้ ไว้ให้คุณค็อบบ์จัดการ,Thai,Valid
นี่เป็นเพราะกลุ่มต่อต้าน ที่ตอนนี้ใหญ่ และมีการจัดการที่ดีขึ้น ทำสแตมป์ปลอมและขโมยสมุดปันส่วน เพื่อนำไปเลี้ยงพรรคพวกที่ซ่อนตัวอยู่,Thai,Valid
ไม่เอาน่า อาทิตย์ที่แล้ว ถูก 8 จาก 12 เครื่องผมกำลังร้อน,Thai,Valid
เขาอายุประมาณ 50 ปลายๆ ถึง 60 ต้นๆ,Thai,Valid
ถ้าการช่วยเหลือบีบให้เราต้อง ปะทะกับพวกเคซอน มีความเป็นไปได้เสมอว่า เทคโนโลยีอื่นๆ ของเราจะตกไปอยู่ใน กำมือของพวกเขา,Thai,Valid
ทำไมคุณไม่เอ่ยชื่อ ทอม วิทท์แมน ตอนพิจารณาคดี ผมไม่รู้จักเขา จนกระทั่งหลายปีต่อ,Thai,Valid
เชร็ดเดอร์อยู่ 7 2 ไมล์ ต อ ต อ น เหยียบเลย,Thai,Valid
ฉันจดรายชื่อไว้ นิค แลน กับ เจมส์ เฮลท์,Thai,Valid
โธมัส เบอร์กิตต์ แมทธิว ธอมป์สัน ก้าวมาข้างหน้า,Thai,Valid
ไคร่าเคยบอกผม เกี่ยวกับการส่งสัญญาณลับ ที่กลุ่มต่อต้านใช้บนเทร็อก นอร์ เพื่อเรียกประชุม,Thai,Valid
และแชมป์ยูเอสโอเพ่นคนปัจจุบัน อรานชา ซานเชส วิคาริโอ จะต้องพบกับผู้ท้าชิงมือดีมากมาย,Thai,Valid
Cái chết của Billy và Yan bởi Ming được xem là hợp pháp,Vietnamese,Valid
Vậy thì ta không cần cái vòng chết tiệt này Mang đi mang đi,Vietnamese,Valid
Là SG 3 truyền về từ tọa độ P 6X 437 thưa Tướng quân,Vietnamese,Valid
Deke Slayton giám đốc điều hành phi đoàn bay và hai phi hành gia dự bị là Bill Anders và Jim Lovell đang cùng Bruce McCandless tham gia công tác liên lạc,Vietnamese,Valid
Chúng cháu luyện tập trong hai giờ cháu về nhà là vừa kịp lúc xem Đàm Thoại Cùng Johnny Yune cùng với mẹ người nghĩ là cháu đi chơi với mọi người,Vietnamese,Valid
Cám ơn Harry Thật sự cảm ơn,Vietnamese,Valid
Shira cậu có muốn chia sẻ vài lời khuyên cho đội với tư cách là cựu thành viên Camel,Vietnamese,Valid
Thấy chưa Một bậc thầy Merv đây là con gái tôi Haley,Vietnamese,Valid
Ta có 55 phút để chất tất cả lên,Vietnamese,Valid
Trong lúc đó hơn nửa người dân trên DS 9 đã báo cáo về việc ý tưởng của họ hóa thành sự thật,Vietnamese,Valid
Tôi không biết có nên để John Ôi không Rene có chứ,Vietnamese,Valid
Khi bạn lái xe qua các cánh đồng tất cả đó là ngô để chăn nuôi và chế biến nên vài trang trại trồng trọt mà tôi thích gọi là thức ăn cho người dân,Vietnamese,Valid
Anh phải vào Học viện Allenwood sáu tháng,Vietnamese,Valid
Ngay cả gia đình của mình tôi còn chẳng nhận được sự quan tâm,Vietnamese,Valid
Cô nghĩ ta và Chewie tìm ra tàu Falcon nhờ may mắn,Vietnamese,Valid
Cháu chắc đó là lý do cháu vẫn đang đắn đo chuyện tuyển CEO nghĩ rằng có thể ai đó sẽ đến giúp cháu đưa cuộc đời mình trở lại đúng hướng,Vietnamese,Valid
Ơn trời người Đức luôn làm 15 bản sao tất cả các giấy tờ,Vietnamese,Valid
Bên cạnh đó Trại giam Seobu nơi cầu thủ Kim sẽ bị giam tuyên bố sẽ không đãi ngộ người nổi tiếng và làm theo đúng quy tắc pháp luật,Vietnamese,Valid
Xin lỗi vì cắt ngang cuộc thảo luận đầy li kì của các cậu nhưng như các cậu biết cuối tuần này có buổi dạ hội,Vietnamese,Valid
Vụ va chạm khổng lồ của Trái đất với Theia không phải là lần đầu tiên hành tinh của chúng ta gặp nguy hiểm,Vietnamese,Valid
Bây giờ hãy chào đón chủ nhân kiêm nhà thiết kế MY Homme YOO Mi ho,Vietnamese,Valid
Và cái máy của tôi có thể căn bản làm nhỏ đi kích tước của những trọng tải to lớn với cách chạy bằng xăng có thể tiết kiệm khoảng cách một cách kinh ngạc,Vietnamese,Valid
Tọa độ là 3 4 5 3,Vietnamese,Valid
Anh là bánh lái Là buồm thuyền biển mái chèo của em,Vietnamese,Valid
Anh đã bị cướp anh Carver và tôi hiểu việc đó là xấu hổ nhưng công chúng xứng đáng được biết chuyện gì đã xảy ra trước khi bất cứ ai khác bị hại nên nếu anh không muốn bình luận gì,Vietnamese,Valid
Khách sạn Union lẽ ra phải ký hợp đồng thuê tầng 30 đến 50 nhưng họ thay đổi điều kiện và yêu cầu hợp đồng đầu tư,Vietnamese,Valid
Bố đã lên Sao Hỏa Sao Hỏa,Vietnamese,Valid
Crawler 2 Hai chúng ta đi xuống,Vietnamese,Valid
Mary Constant 1 nữ tu sĩ tốt bụng khiêm tốn 83 tuổi,Vietnamese,Valid
Nhanh lên trên TV Một trong số họ là Không Bob,Vietnamese,Valid
Giỏi lắm cá con cám ơn,Vietnamese,Valid
Để trang trải tất cả chi phí sản xuất sữa chúng tôi cần ít nhất 40 xu hoặc cao hơn,Vietnamese,Valid
Hầu hết các lữ đoàn đều phải chịu thương vong và bệnh tật họ phải hoạt động sau chiến tuyến địch suốt bốn đến năm tháng đến khi kết thúc,Vietnamese,Valid
Nhưng 1 khi tôi giải thích chuyện này với Bộ trưởng môi trường trực tiếp hòn đảo đó quan trọng thế nào ông ấy sẽ không để ai mua nó đâu,Vietnamese,Valid
Không được đổi và không được ngủ chung giường nếu không sẽ lớn chuyện đó chú ơi có chuyện gì lớn vậy,Vietnamese,Valid
Cho dù tôi sở hữu 85 cổ phần C ty giày của thằng lìn bú kẹt Steve Madden,Vietnamese,Valid
Thật tình cờ chú thừa hưởng tính khí bất trị của một kẻ vào đời sớm,Vietnamese,Valid
Bình tĩnh Quica Đừng có xoắn Như nào rồi Quica,Vietnamese,Valid
Christopher Dorner 33 tuổi bị cho là kẻ giết cảnh sát,Vietnamese,Valid
Tiến sĩ Leekie ông đã hoàn thiện khá nhiều kỹ thuật nhân bản độc quyền trên vi khuẩn loài lưỡng cư côn trùng cấy ghép da người,Vietnamese,Valid
Có tin nhắn nặc danh bảo anh đột nhập khu mua sắm bỏ hoang ở cao tốc Năm trộm tấm biển Twist o Pretzel từ khu ẩm thực rồi lái vào sa mạc nhanh nhất có thể,Vietnamese,Valid
Tôi không được gì hết trừ việc chọc giận chủ nhân của cái hộp mà ai lại muốn chọc một tên loạn trí như vậy,Vietnamese,Valid
Eddie Này em đã đi đâu thế Bố sắp lập kỷ lục mới rồi,Vietnamese,Valid
Trước sự việc xảy ra vào khoảng ba giờ chiều thứ Năm trước quyết định đã được đưa ra là các con của anh nên được mẹ chăm sóc lâu dài,Vietnamese,Valid
Bố anh cần 1 200 chữ ký để đủ điều kiện tranh cử làm thị trưởng,Vietnamese,Valid
Ông có muốn tôi bắt đầu ở vị trí thứ 2 không,Vietnamese,Valid
Được rồi tôi có danh sách gồm 30 cái tên,Vietnamese,Valid
Khu nghỉ dưỡng thích mọi điều theo cách nhất định nào đó nhưng có lẽ tôi cần cưỡng lại ý muốn của khu nghỉ dưỡng nhiều hơn,Vietnamese,Valid
Nhân viên tư vấn hướng dẫn ở trường nói việc này cần một sự giúp đỡ,Vietnamese,Valid
Tốt Đặt trường lực thứ cấp quanh các cửa ống Jeffery và cáp dẫn tới căn phòng này,Vietnamese,Valid
có mỗi chừng đó trong đám tang sống của bố tôi cái gì mà liên quan đến Bob Seger,Vietnamese,Valid
Walter McMillian sẽ được trả về Cơ sở Cải huấn Holman nơi ông ta đối mặt với án tử bằng ghế điện,Vietnamese,Valid
Bĩnh ra quần mà chẳng có đồ để thay ừ sao mày ko tự giặt đi tui hổng tới trường nữa đến khi có đồ mới mặc,Vietnamese,Valid
Kể từ khi còn ở thời nguyên thủy chúng ta chắc chắn đã nhìn kỹ vào từng khuôn mặt của nhau cố để xác định xem họ là bạn bè kẻ thù hay người mình yêu,Vietnamese,Valid
Còn lại 35 ngày 3 giờ 29 phút,Vietnamese,Valid
Ồ và 50 000 này cũng xuất hiện,Vietnamese,Valid
1933 Nhưng là chính tao tìm họ,Vietnamese,Valid
Mọi người chịu thiệt thòi rồi vì tôi mua bánh mì được giảm giá 15,Vietnamese,Valid
Tại sao chứ Bởi vì,Vietnamese,Valid
Tại sao vậy Tommy Tôi tưởng anh không quan tâm Ba phút 22 giây,Vietnamese,Valid
Chào mừng trở lại với New York Metro chúng tôi đang tiếp tục với diễn biến tại Nhà tù Liên bang Litchfield,Vietnamese,Valid
đang lợi thế mà bị lật kèo nhưng cũng phải nói cho đáng ta luôn nghĩ ngươi là một thị trưởng tử tế nửa vời đấy,Vietnamese,Valid
Gì Không Ruby mẹ cháu không có ý đó Cậu thề,Vietnamese,Valid
Thưa Chúa con không hay nói với ngài hay xin xỏ điều gì nhưng giờ con xin ngài hãy giúp con thắng bầu cử ngày mai vì con xứng đáng và Paul Matzler thì không ngài biết mà,Vietnamese,Valid
Whoa Hey hey hey Đi nào,Vietnamese,Valid
Dù sao đi nữa cô ấy đang nói chuyện đột nhiên chúng tôi đến một nơi khác giống như trong trí óc tôi,Vietnamese,Valid
Hãy kiểm tra lời khai và cho tôi biết về động thái của chỉ huy vào ngày 27 tháng 4,Vietnamese,Valid
Vâng đó là khái niệm lãng mạn mà Em đang theo đuổi Cảm ơn Anh,Vietnamese,Valid
Tôi không thấy ổn gì cả,Vietnamese,Valid
Giờ là anh chàng mét tám vui vẻ mới đến đại diện cho Tổ chức sự kiện Rigo,Vietnamese,Valid
Kể từ khi họ đưa tôi đến đây và và cho tôi mọi thứ tôi muốn được trở nên giống như họ đó là tất cả những điều tôi nghĩ đến,Vietnamese,Valid
Vâng nhưng là vở gì anh trai kính mến Hamlet Faust,Vietnamese,Valid
Đề nghị là Nhà du hành vũ trụ Một và Nhà du hành vũ trụ Hai,Vietnamese,Valid
Người hâm mộ truyện tranh trên cả nước đang rất vui mừng vì cuốn truyện được yêu thích Li l Cutie sẽ tiếp tục,Vietnamese,Valid
Chúa ơi những đường cong của mông cô ta và bộ ngực nẩy nở tuyệt vời ấy,Vietnamese,Valid
Nếu khi đó bố biết những việc nhỏ ấy sẽ đưa mình đến đâu và bố sẽ biết ơn thế nào khi đến đấy thì bố chắc chắn sẽ làm thứ gì đó như thế này,Vietnamese,Valid
Tường thuật tại Manhattan Bobby Cuza kênh New York số 1,Vietnamese,Valid
Quý vị thứ lỗi cho tôi tôi chỉ là một người lạ nên tôi không hiểu rõ về chuyện này nhưng tôi cảm thấy vô cùng đáng tiếc nếu chúng ta tự mình tan hàng hay nếu chúng ta bỏ qua việc mà chúng ta đã cố gắng làm cho được,Vietnamese,Valid
Nhiều huấn luyện viên cá heo cũng đã từng hỗ trợ ngư dân quây cá heo lại thành đàn rồi chọn ra một số cá thể sẽ thoát khỏi cảnh bị xẻ thịt mà thay vào đó sẽ bị chuyển đến các thủy cung và công viên cá heo trên khắp thế giới,Vietnamese,Valid
Tôi hỏi Alex Turner Jung trước là ai giết hại Jo Jung Pil,Vietnamese,Valid
Này cậu ma kia Lại đây Quay lại đi,Vietnamese,Valid
Ta sẽ đá hiệp phụ TBN 0 Hà Lan 0,Vietnamese,Valid
Thật không ngờ dì ấy đi nhanh thật đấy,Vietnamese,Valid
Anh Crothers đấy à Chào Tôi là Ed McCarthy,Vietnamese,Valid
Không có bộ binh Chỉ 2 chiếc A 10 Williams và Mihradi,Vietnamese,Valid
Cậu không thể tự tiện thay đổi các thứ ở đây vì thấy bất an với mối quan hệ của mình,Vietnamese,Valid
Với người da trắng các cậu tệ có thể nghĩa là tệ thật,Vietnamese,Valid
xem nhé 70 lần 60 phút 24 giờ 365 ngày,Vietnamese,Valid
Cô ở phía sau Cô ra khỏi xe đi Ra ngoài,Vietnamese,Valid
Ngày xửa ngày xưa có một bé gái giống như bất kì bé gái nào khác,Vietnamese,Valid
KDK 1 gọi KD 12,Vietnamese,Valid
Ngay cả bây giờ hàng trăm người vẫn nhấn nút thích một bình luận nói rằng,Vietnamese,Valid
Phải và có lẽ Tom Tuyệt diệu đây quên nói cho anh rằng bàn của Sandrine hơi nghiêng về phía đông,Vietnamese,Valid
Steph chắc bọn tớ không đi đâu tận 50 đô cơ mà,Vietnamese,Valid
Yên nào Không Nhanh lên,Vietnamese,Valid
Nếu vậy nó đã đến Quảng trường Thời đại nơi nó có thể lây nhiễm cả thành phố nhưng nó lại đến đây để được điều trị,Vietnamese,Valid
Xin lỗi tâm thần trong từ bệnh tâm thần ư,Vietnamese,Valid
cô chết rồi mà chà nghiêm túc thì anh cũng vậy mà thế thì tại sao tôi lại thấy tôi ư,Vietnamese,Valid
Trong ngày hẹn tôi thích ăn tối với phụ nữ bởi vì họ sẽ thích ngủ với tôi hơn hoặc hẹn hò lần hai,Vietnamese,Valid
Thay vào đó họ đưa lực lượng ra và đón đợi sự lặp lại của Thế chiến I,Vietnamese,Valid
